epoch,step,train_loss
0,49,0.06684927642345428
0,99,0.10232120752334595
0,149,0.07563560456037521
0,199,0.04851483181118965
0,249,0.0687810406088829
